{"cameraMode":{"drawMode":0,"name":"Shaded","section":"Shading Mode"},"sceneLighting":false,"audioPlay":false,"sceneViewState":{"m_AlwaysRefresh":false,"showFog":true,"showSkybox":true,"showFlares":true,"showImageEffects":true,"showParticleSystems":true,"showVisualEffectGraphs":true,"m_FxEnabled":true},"in2DMode":false,"pivot":{"x":-6.142679214477539,"y":-8.779335021972657,"z":3.1905319690704347},"rotation":{"x":0.016499102115631105,"y":0.00510072847828269,"z":-0.0000845703252707608,"w":0.999856173992157},"size":18.060544967651368,"orthographic":false}